<cc_char xscale="1" yscale="1" hxscale="1" hyscale="1" headdx="0" headdy="0"><color r="ccSkinColor" oc="0xFFE1C4">0xFFCE95</color><color r="ccEyeLib">0xFFCE95</color><color r="ccEyeIris">0x000000</color><color r="ccGlassesFrame">0x134883</color><color r="ccGlassesLens">0x737373</color><color r="ccMouthLip">0x891258</color><color r="ccMustache">0x000000</color><color r="ccBeard">0xFFFFFF</color><color r="ccEyebrow">0x996633</color><color r="ccUpperMain" oc="0x336699">0x43C2E7</color><color r="ccUpperMinor" oc="0xE5E5E5">0xCD1EF3</color><color r="ccLowerMain" oc="0xCCBC9A">0x030303</color><color r="ccLowerMinor" oc="0xEEEEEE">0xF30D0D</color><color r="ccHairMajor">0x8B6F18</color><color r="ccDecMajor" targetComponent="ID5664">0x8B6F18</color><component type="bodyshape" component_id="adam" theme_id="family" x="0" y="0" xscale="1" yscale="1" offset="0" rotation="0" gobucks="0" gopoints="0"/><component type="skeleton" component_id="adam_001" theme_id="family" x="0" y="0" xscale="1" yscale="1" offset="0" rotation="0" gobucks="0" gopoints="0"/><component type="nose" component_id="001" theme_id="family" x="0" y="0" xscale="1" yscale="1" offset="0" rotation="0" gobucks="0" gopoints="0"/><component type="ear" component_id="010" theme_id="family" x="0" y="0" xscale="1" yscale="1" offset="0" rotation="0" gobucks="0" gopoints="0"/><component type="upper_body" component_id="adam_002" theme_id="family" x="0" y="0" xscale="1" yscale="1" offset="0" rotation="0" gobucks="0" gopoints="0"/><component type="lower_body" component_id="adam_009" theme_id="family" x="0" y="0" xscale="1" yscale="1" offset="0" rotation="0" gobucks="0" gopoints="0"/><component type="faceshape" component_id="002" theme_id="family" x="0" y="0" xscale="1" yscale="1" offset="0" rotation="0" gobucks="0" gopoints="0"/><component type="hair" component_id="008" theme_id="family" x="0" y="0" xscale="1" yscale="1" offset="0" rotation="0" gobucks="0" gopoints="0"/><component type="mouth" component_id="001" theme_id="family" x="0" y="0" xscale="1" yscale="1" offset="0" rotation="0" gobucks="0" gopoints="0"/><component type="eye" component_id="004" theme_id="family" x="0" y="0" xscale="1" yscale="1" offset="0" rotation="0" gobucks="0" gopoints="0"/><component type="eyebrow" component_id="107" theme_id="family" x="0" y="0" xscale="1" yscale="1" offset="0" rotation="0" gobucks="0" gopoints="0"/><component type="glasses" component_id="006" theme_id="family" x="0" y="0" xscale="1" yscale="1" offset="0" rotation="0" gobucks="0" gopoints="0"/><component id="ID5664" type="facedecoration" component_id="075" theme_id="family" x="0" y="0" xscale="1" yscale="1" offset="0" rotation="0" gobucks="0" gopoints="0"/></cc_char>